app,10
rackr,81355.93227530581
hanami-api,81887.66589242354
