app,10
rackr,82707.20908001509
hanami-api,83470.6508096643
