app,10
rackr,0.347943564876914
hanami-api,0.38088987208902836
