app,10
rackr,0.34157192101702094
hanami-api,0.37602744391188025
